<?xml version="1.0" encoding="utf-8"?>
<extension type="component" version="1.6.0" method="upgrade">
	<name>comprofiler</name>
	<author>Beat</author>
	<creationDate>2012-11-05</creationDate>
	<copyright>Copyright (C) 2004-2012 Joomlapolis.com. All rights reserved.</copyright>
	<license>GNU General Public License version 2. All copyright statements must be kept and derivate work must prominently duly acknowledge original work on web interface and on website where downloaded.</license>
	<authorEmail>beat@joomlapolis.com</authorEmail>
	<authorUrl>www.joomlapolis.com</authorUrl>
    <version>1.9</version>
	<description>Joomla/Mambo Community Builder 1.9 native for Joomla! 3.0.0 - 3.0.1, 2.5.0 - 2.5.7, 1.7.0 - 1.7.3, 1.6.0 - 1.6.6, 1.5.3 - 1.5.27, 1.0.0 - 1.0.15 and Mambo 4.5.0 - 4.6.5.</description>
	<files>
		<filename>metadata.xml</filename>
		<filename>router.php</filename>
		<filename>comprofiler.php</filename>
		<filename>comprofiler.html.php</filename>
		<filename>index.html</filename>
		<folder>views</folder>
		<folder>images</folder>
		<folder>js</folder>
	</files>
	<install>
		<sql>
			<file charset="utf8" driver="mysql">install.comprofiler.sql</file>
			<file driver="mysql">install.comprofiler.sql</file>
			<file charset="utf8" driver="mysqli">install.comprofiler.sql</file>
			<file driver="mysqli">install.comprofiler.sql</file>
		</sql>
	</install>
	<administration>
		<menu view="about" task="about" img="../components/com_comprofiler/plugin/templates/luna/images/header/icon-16-cb.png">COM_COMPROFILER</menu>
		<submenu>
			<menu view="showusers" task="showusers" img="class:user">COM_COMPROFILER_SHOWUSERS</menu>
			<menu view="showTab" task="showTab" img="class:themes">COM_COMPROFILER_SHOWTAB</menu>
			<menu view="showField" task="showField" img="class:content">COM_COMPROFILER_SHOWFIELD</menu>
			<menu view="showLists" task="showLists" img="class:search">COM_COMPROFILER_SHOWLISTS</menu>
			<menu view="showPlugins" task="showPlugins" img="class:plugin">COM_COMPROFILER_SHOWPLUGINS</menu>
			<menu view="tools" task="tools" img="class:maintenance">COM_COMPROFILER_TOOLS</menu>
			<menu view="showconfig" task="showconfig" img="class:config">COM_COMPROFILER_SHOWCONFIG</menu>		</submenu>
		<files>
			<filename>comprofileg.xml</filename>
			<filename>admin.comprofiler.php</filename>
			<filename>admin.comprofiler.controller.php</filename>
			<filename>admin.comprofiler.html.php</filename>
			<filename>comprofiler.toolbar.php</filename>
			<filename>toolbar.comprofiler.php</filename>
			<filename>toolbar.comprofiler.html.php</filename>
			<filename>ue_config_first.php</filename>
			<filename>comprofiler.class.php</filename>
			<filename>imgToolbox.class.php</filename>
			<filename>plugin.foundation.php</filename>
			<filename>plugin.class.php</filename>
			<filename>Snoopy.class.php</filename>
			<filename>pluginsfiles.tgz</filename>
			<filename>install.comprofiler.sql</filename>
			<filename>access.xml</filename>
			<filename>config.xml</filename>
			<filename>index.html</filename>
			<folder>database</folder>
			<folder>xmlcb</folder>
			<folder>controller</folder>
			<folder>view</folder>
			<folder>library</folder>
			<folder>language</folder>
		</files>
	</administration>
	<scriptfile>install.comprofiler.php</scriptfile>
	<updateservers>
		<server type="extension" priority="1" name="Community Builder Update Site">http://update.joomlapolis.net/versions/comprofiler-1_8-update.xml</server>
	</updateservers>
</extension>